Metric,Value
Annual Demand,5066976.0
EOQ,10384.56471297561
Safety Stock,47563.96886627297
Reorder Point,176541.53977536387
Max Stock,57948.53357924858
Avg Inventory,52756.25122276077
Annual Ordering Cost,4879.3340308898705
Annual Holding Cost,4879.334030889871
Total Annual Cost,9758.668061779743
